StudentID,Name,Exam1_Subject1,Exam1_Subject2,Exam1_Subject3,Exam1_Subject4,Exam1_Subject5,Exam2_Subject1,Exam2_Subject2,Exam2_Subject3,Exam2_Subject4,Exam2_Subject5,Exam3_Subject1,Exam3_Subject2,Exam3_Subject3,Exam3_Subject4,Exam3_Subject5,Exam4_Subject1,Exam4_Subject2,Exam4_Subject3,Exam4_Subject4,Exam4_Subject5,Exam5_Subject1,Exam5_Subject2,Exam5_Subject3,Exam5_Subject4,Exam5_Subject5
1,Student1,83,56,65,62,97,64,80,58,59,55,73,84,51,68,94,94,77,74,52,89,62,77,58,84,75
2,Student2,67,89,75,69,75,73,81,96,60,97,84,50,53,79,58,56,88,67,62,59,61,90,80,50,93
3,Student3,88,95,67,95,77,85,80,86,78,70,53,87,91,52,69,67,83,72,98,73,69,62,56,60,51
4,Student4,80,57,58,85,58,71,98,72,68,65,93,57,73,99,59,58,85,69,75,60,75,93,83,80,57
5,Student5,98,57,75,70,66,82,96,85,97,89,60,58,59,75,73,90,81,51,51,78,80,98,88,63,92
6,Student6,89,88,64,51,64,98,74,59,60,60,66,56,60,51,53,92,83,87,90,83,57,81,79,69,67
7,Student7,65,73,58,93,66,53,72,60,84,94,76,65,60,73,79,88,70,60,88,94,96,93,72,85,81
8,Student8,52,73,58,62,96,87,90,82,100,81,96,97,53,80,88,93,98,73,73,82,93,77,77,96,88
9,Student9,96,82,88,61,96,84,88,56,55,90,57,55,93,56,100,90,65,82,55,50,65,50,73,86,98
10,Student10,82,77,87,57,55,51,60,98,74,89,99,53,89,57,79,75,80,92,68,60,60,94,87,90,73
11,Student11,88,88,90,64,54,67,63,74,80,92,68,74,67,89,98,80,69,83,64,71,64,63,63,100,65
12,Student12,88,58,98,58,76,82,63,81,74,77,97,76,71,84,59,85,67,66,77,87,54,93,61,85,65
13,Student13,59,61,76,75,99,60,59,80,65,69,69,98,61,82,71,96,77,89,92,86,50,52,61,82,88
14,Student14,95,98,71,92,97,59,58,95,79,83,89,96,71,69,67,64,80,70,94,100,59,96,69,74,64
15,Student15,54,59,79,89,61,71,96,70,58,57,85,87,77,86,59,80,99,53,71,89,51,77,54,63,79
16,Student16,73,68,60,60,98,97,95,64,51,53,89,76,90,100,90,69,79,96,68,73,76,83,52,88,52
17,Student17,86,100,50,73,67,71,52,56,81,58,69,52,95,85,94,94,67,52,56,70,59,82,91,60,84
18,Student18,96,97,57,52,65,77,90,58,68,96,89,60,57,93,80,73,50,61,55,84,84,61,95,97,92
19,Student19,97,88,80,94,83,53,70,74,91,68,83,64,50,50,81,60,61,96,65,87,50,70,82,52,98
20,Student20,98,81,50,58,89,82,74,56,50,56,82,59,70,83,55,72,65,68,76,97,52,81,96,87,79
21,Student21,82,80,97,57,93,70,80,51,64,91,96,53,97,74,74,92,66,98,94,68,88,63,75,70,68
22,Student22,69,50,50,80,81,68,84,58,68,70,69,95,64,65,52,57,90,91,53,55,78,70,76,53,75
23,Student23,58,67,84,70,51,73,89,77,78,72,71,56,62,90,50,95,79,84,93,70,98,56,99,80,65
24,Student24,94,51,60,69,69,97,76,51,84,72,96,74,60,89,88,90,73,72,66,89,83,73,82,95,90
25,Student25,54,64,73,59,97,76,57,84,71,96,74,62,74,65,82,89,97,94,64,62,66,79,88,83,60
26,Student26,58,56,97,72,68,99,76,67,79,74,86,99,75,73,93,61,66,84,73,63,95,95,97,85,67
27,Student27,81,98,64,82,95,99,54,96,63,52,81,66,94,58,100,71,91,75,90,60,83,75,67,73,52
28,Student28,78,86,75,89,69,94,75,99,52,85,92,75,77,89,60,54,83,84,73,67,98,56,81,100,80
29,Student29,56,86,59,68,94,84,54,78,96,87,75,92,81,93,96,97,52,84,87,95,84,93,94,69,93
30,Student30,95,76,63,83,78,67,97,80,99,68,79,75,66,61,100,81,53,92,68,65,95,90,99,87,67
31,Student31,51,94,80,88,59,62,88,100,76,58,85,100,55,52,71,85,53,86,65,100,56,61,75,73,100
32,Student32,100,76,73,62,84,93,91,60,77,83,57,57,55,71,69,88,78,51,67,71,56,83,81,85,95
33,Student33,64,73,80,79,94,62,85,56,55,76,63,83,65,88,54,59,67,85,82,60,78,60,53,72,90
34,Student34,85,51,99,52,58,96,78,80,56,85,52,77,98,66,61,57,67,61,78,57,83,76,85,78,95
35,Student35,86,77,58,58,57,74,94,81,66,53,75,91,57,63,77,69,62,51,60,53,60,56,89,52,80
36,Student36,58,66,96,94,55,93,62,60,100,99,72,77,50,68,97,67,95,88,55,67,78,90,57,88,57
37,Student37,94,98,58,85,77,71,96,79,79,76,100,66,65,57,55,66,61,56,65,78,85,69,83,81,61
38,Student38,70,85,58,50,70,70,81,84,71,60,59,81,90,66,51,78,75,50,66,72,97,54,55,99,70
39,Student39,95,68,89,76,98,54,52,53,55,91,50,98,76,99,68,76,97,89,92,83,66,78,98,98,63
40,Student40,98,51,50,99,71,91,89,98,73,83,83,60,72,54,59,72,61,69,55,60,62,56,91,94,52
41,Student41,78,99,82,97,98,92,87,86,53,65,59,63,100,96,83,86,66,80,52,92,70,70,53,73,62
42,Student42,70,82,92,68,60,87,57,66,51,76,99,90,72,71,80,98,76,58,99,50,78,61,72,80,63
43,Student43,54,57,69,86,99,94,92,77,75,92,89,69,56,74,63,89,67,65,58,81,80,83,77,81,63
44,Student44,69,52,74,76,50,69,53,90,87,53,96,66,91,52,73,78,90,53,76,86,91,77,80,75,78
45,Student45,90,76,52,85,54,79,68,86,84,66,59,56,65,98,58,82,85,78,95,64,98,52,94,89,56
46,Student46,64,81,69,79,81,78,55,51,59,74,57,56,62,75,62,95,82,90,75,56,63,57,92,62,69
47,Student47,89,71,56,76,64,53,85,86,62,59,71,66,82,65,98,88,67,51,92,73,55,99,71,83,59
48,Student48,60,59,64,67,82,64,69,66,89,85,54,58,51,87,56,62,86,56,60,58,90,85,86,80,73
49,Student49,62,72,68,86,72,65,80,74,84,72,82,83,81,98,51,78,93,74,59,89,66,68,82,80,80
50,Student50,51,77,96,55,84,59,90,51,88,100,88,99,77,93,60,99,78,68,61,83,70,92,94,96,77
51,Student51,83,86,58,92,88,86,78,54,86,99,68,76,50,81,57,78,79,83,95,68,75,73,95,52,91
52,Student52,56,92,81,87,70,98,57,68,95,60,64,54,56,70,84,76,70,63,74,85,87,82,83,62,61
53,Student53,97,92,97,93,67,77,68,100,62,94,79,80,95,56,52,74,87,95,53,96,87,91,61,83,71
54,Student54,93,76,96,66,63,76,50,60,75,95,99,83,100,65,64,70,69,96,54,76,87,76,51,54,55
55,Student55,76,97,95,97,52,61,55,55,90,84,97,53,89,94,56,94,100,100,55,54,91,51,70,70,81
56,Student56,89,70,100,65,68,54,89,75,51,58,96,91,64,76,70,90,64,79,86,72,68,65,91,93,53
57,Student57,58,51,87,82,50,69,64,94,94,94,99,100,87,81,92,98,85,78,67,58,92,100,99,58,74
58,Student58,61,57,67,84,61,68,62,86,76,97,57,99,88,86,53,79,89,73,76,61,55,72,73,85,88
59,Student59,87,61,61,84,83,98,76,72,83,74,75,61,66,97,100,90,86,73,96,87,86,85,53,50,91
60,Student60,91,82,91,78,88,58,100,87,96,75,88,60,58,56,99,71,91,57,92,79,100,50,50,70,70
61,Student61,54,56,68,72,65,98,92,55,96,95,69,73,81,88,68,76,61,81,67,52,62,94,72,65,95
62,Student62,61,55,63,89,90,70,76,91,81,53,93,88,76,60,82,75,65,92,50,90,58,83,97,63,96
63,Student63,56,93,69,52,97,65,65,53,92,72,84,80,67,78,83,54,66,74,70,63,90,85,98,83,80
64,Student64,96,88,86,56,84,72,98,71,69,75,52,82,53,99,98,98,94,54,88,63,53,92,90,87,55
65,Student65,51,90,79,66,59,65,93,78,72,75,91,91,95,62,76,70,62,94,67,74,87,55,90,55,80
66,Student66,89,62,64,62,59,87,96,54,67,85,94,63,58,68,69,60,57,67,82,80,63,99,99,83,67
67,Student67,65,65,56,65,50,64,51,87,86,57,65,54,80,93,65,60,56,64,66,95,82,74,85,84,100
68,Student68,97,87,69,100,97,70,88,68,62,54,55,59,51,58,72,95,70,51,81,84,78,54,80,51,54
69,Student69,88,75,63,50,56,70,61,83,96,52,92,54,75,55,86,100,88,84,74,95,53,78,75,79,81
70,Student70,89,94,90,99,81,51,98,100,93,91,92,80,66,93,98,79,79,65,63,79,82,67,96,85,85
71,Student71,88,59,57,75,66,69,86,98,52,97,83,92,96,52,97,96,67,56,53,61,66,98,81,81,84
72,Student72,90,96,84,95,69,64,86,68,88,89,88,87,53,73,58,60,100,100,84,55,83,58,80,92,87
73,Student73,57,72,94,80,71,62,71,85,82,94,82,58,92,67,65,64,70,53,84,84,54,70,74,53,50
74,Student74,51,91,52,64,66,79,68,71,57,51,57,82,99,83,82,72,87,88,79,97,97,67,90,99,63
75,Student75,50,74,60,76,72,50,59,92,77,79,68,53,87,74,63,85,91,87,66,69,60,72,78,60,98
76,Student76,87,76,78,93,82,94,71,69,94,74,71,67,55,94,81,94,67,96,92,87,53,67,71,81,75
77,Student77,65,62,98,78,90,62,67,82,98,77,79,52,75,87,56,75,61,63,92,88,63,73,99,79,74
78,Student78,96,53,88,64,100,68,86,64,94,86,98,89,75,94,68,97,80,69,91,65,63,55,67,51,74
79,Student79,63,74,88,74,99,62,69,69,98,54,61,70,64,65,83,93,66,75,72,51,78,69,93,63,60
80,Student80,64,68,78,57,79,56,67,67,63,81,82,90,99,59,83,64,87,53,91,64,89,80,54,68,64
81,Student81,87,63,91,60,86,86,89,91,99,95,88,95,50,71,59,93,75,69,51,63,70,80,89,95,58
82,Student82,96,67,97,90,50,93,98,70,82,97,94,64,92,63,65,78,56,69,65,92,67,57,87,66,86
83,Student83,75,88,96,57,57,87,84,56,84,84,95,54,57,89,92,89,62,51,96,69,81,71,61,80,65
84,Student84,98,56,82,93,97,60,100,73,83,91,75,90,76,66,90,89,52,57,74,93,50,67,54,71,79
85,Student85,94,96,97,94,50,73,83,93,86,85,81,55,65,76,65,65,70,88,84,80,87,59,96,94,71
86,Student86,63,84,69,63,62,61,73,61,70,84,53,77,77,93,76,80,95,75,72,98,55,89,68,92,98
87,Student87,67,60,72,97,56,74,68,87,99,51,63,75,75,74,53,78,51,81,99,84,90,59,84,82,74
88,Student88,98,79,73,79,86,84,74,57,72,68,67,53,74,99,86,86,70,100,87,54,97,87,96,77,50
89,Student89,99,79,61,89,58,78,82,58,65,100,64,57,53,95,65,70,93,98,87,83,70,58,80,96,63
90,Student90,100,97,52,56,85,86,50,78,67,99,88,54,91,68,76,64,86,81,60,54,66,75,87,77,99
91,Student91,89,65,62,74,93,69,82,66,80,77,53,67,96,60,59,58,79,87,79,51,71,51,73,55,67
92,Student92,76,78,50,82,63,56,94,93,70,54,57,63,70,77,84,58,85,97,58,89,76,86,53,82,94
93,Student93,96,85,52,76,68,91,80,66,64,70,77,56,57,66,61,67,90,58,63,95,82,77,93,87,79
94,Student94,60,74,60,93,91,100,77,52,72,90,93,84,68,72,93,58,72,52,84,84,95,55,72,99,66
95,Student95,94,77,75,83,67,70,99,70,60,85,83,69,62,71,77,71,80,80,100,94,90,80,52,77,99
96,Student96,89,92,94,50,51,93,69,51,78,99,57,81,59,94,77,78,80,73,67,52,64,76,56,94,78
97,Student97,91,88,65,84,85,94,91,90,85,71,68,73,96,97,63,99,76,54,68,66,69,74,59,90,60
98,Student98,97,79,74,89,93,56,80,69,93,68,98,70,93,100,64,51,84,88,53,72,100,88,60,54,65
99,Student99,96,78,55,93,91,55,59,59,62,54,61,90,56,71,92,88,58,80,96,89,58,100,51,67,80
100,Student100,82,52,85,85,64,65,72,60,79,82,63,94,73,52,85,79,59,54,62,69,84,61,55,84,88
101,Student101,82,56,57,82,94,52,72,54,93,98,58,60,99,69,75,96,94,74,61,55,79,90,75,75,76
102,Student102,66,54,82,81,75,80,68,89,81,77,75,70,79,98,54,67,85,91,52,69,73,51,71,51,50
103,Student103,79,96,97,98,69,98,74,60,93,88,60,60,67,84,59,67,84,98,61,79,96,79,98,68,70
104,Student104,76,81,96,98,78,67,61,73,95,70,70,91,91,57,65,55,99,98,51,82,74,73,83,90,79
105,Student105,92,57,94,94,68,51,97,97,54,85,54,74,52,66,88,59,89,84,79,94,93,63,74,90,84
106,Student106,85,82,57,96,88,60,88,51,81,78,59,63,81,88,87,71,81,65,99,89,94,85,100,93,53
107,Student107,76,99,90,73,88,66,54,81,75,99,66,100,79,56,65,51,79,100,92,97,85,96,87,59,57
108,Student108,58,52,62,64,98,91,95,53,93,93,70,73,71,87,86,51,89,92,70,65,97,65,85,78,58
109,Student109,91,98,50,63,90,66,74,52,53,84,66,96,94,92,84,80,82,96,99,69,98,56,100,96,71
110,Student110,95,55,55,67,67,70,84,73,54,71,76,92,96,99,73,72,67,90,62,66,90,75,77,54,100
111,Student111,96,53,53,74,93,60,71,50,72,82,71,88,72,58,91,65,61,59,88,50,81,66,92,83,82
112,Student112,100,66,68,89,52,83,54,71,59,63,73,98,58,85,90,73,69,66,93,87,81,62,55,84,73
113,Student113,55,55,53,57,59,95,80,64,62,70,90,64,65,78,68,71,93,99,98,70,53,93,78,81,96
114,Student114,74,99,51,83,69,86,85,97,51,77,77,59,61,67,68,88,75,97,65,87,93,61,92,90,82
115,Student115,66,75,61,56,55,63,80,64,89,95,84,97,75,95,97,56,70,55,79,70,63,92,87,56,50
116,Student116,92,85,68,100,50,85,59,90,91,50,72,62,65,70,77,62,52,53,80,68,58,61,96,60,89
117,Student117,56,99,93,78,58,79,55,72,92,58,83,70,99,87,97,69,59,93,81,97,94,58,63,57,59
118,Student118,64,78,54,51,52,63,71,96,58,58,76,100,64,92,84,87,95,54,93,80,99,85,51,82,97
119,Student119,83,75,60,64,72,65,73,98,57,54,81,85,100,88,55,86,51,75,54,81,89,58,75,58,86
120,Student120,94,99,94,59,86,77,94,87,70,59,96,50,90,66,67,96,63,76,70,81,80,83,73,84,51
121,Student121,70,67,61,50,88,78,81,96,66,72,84,76,87,57,91,53,73,60,58,57,54,83,57,94,57
122,Student122,86,82,88,85,67,72,79,60,72,62,70,72,78,50,73,96,80,93,70,56,97,95,83,99,62
123,Student123,94,60,87,58,56,62,57,64,98,93,56,55,56,69,50,59,52,99,87,58,82,94,63,90,80
124,Student124,96,80,79,73,96,76,82,70,55,98,85,99,97,77,98,92,52,78,89,71,58,70,51,64,95
125,Student125,63,79,72,80,76,72,67,54,73,85,76,65,89,54,96,84,61,74,72,93,78,88,76,55,88
126,Student126,76,98,59,61,61,59,91,69,98,76,82,83,77,98,64,60,95,84,79,82,86,62,88,93,74
127,Student127,95,62,53,94,50,65,58,85,68,78,67,50,76,58,86,69,63,72,100,81,50,72,79,58,61
128,Student128,60,87,84,77,52,59,70,100,78,88,64,80,75,93,61,63,69,72,87,52,54,58,100,92,72
129,Student129,81,94,77,78,76,82,61,92,68,75,99,67,93,84,99,87,58,58,61,52,97,100,56,63,63
130,Student130,85,83,72,68,79,72,93,86,54,89,54,81,52,78,96,91,96,70,86,91,57,89,71,94,74
131,Student131,72,83,60,87,100,81,100,95,88,66,77,60,65,91,80,95,70,69,68,100,85,79,95,87,64
132,Student132,56,61,88,68,77,96,66,61,100,58,53,79,90,97,90,70,64,77,56,74,56,100,56,78,53
133,Student133,100,86,58,87,85,80,65,80,50,76,63,66,91,57,89,77,57,67,70,67,77,53,75,75,95
134,Student134,65,70,82,51,51,75,69,77,52,74,80,50,69,57,59,92,85,74,67,88,79,56,70,100,87
135,Student135,100,99,75,77,99,74,60,75,79,56,68,66,97,87,96,70,83,52,65,73,92,89,65,96,52
136,Student136,78,96,62,100,81,91,53,57,83,62,79,90,99,63,78,89,88,79,93,73,84,63,69,58,72
137,Student137,79,90,97,82,86,76,70,65,94,73,57,95,88,73,70,82,72,50,62,88,74,86,77,74,79
138,Student138,70,94,60,70,51,88,62,56,96,76,85,62,77,66,66,83,93,93,70,64,98,66,64,63,59
139,Student139,86,53,58,77,60,81,60,85,62,63,88,85,72,73,64,58,89,74,97,91,95,84,71,51,55
140,Student140,63,50,95,63,74,62,91,50,56,62,79,62,97,91,82,76,97,96,62,92,63,60,89,77,98
141,Student141,97,96,64,83,94,73,65,90,100,82,50,61,82,77,72,92,82,66,53,64,93,56,80,71,100
142,Student142,59,80,56,82,89,71,75,57,55,85,84,83,55,86,93,100,99,57,80,73,79,82,99,98,72
143,Student143,80,61,99,84,73,94,53,59,60,89,73,76,76,66,58,72,66,76,64,62,61,85,90,66,93
144,Student144,78,57,82,75,61,98,71,83,60,77,61,72,66,93,98,79,100,55,75,52,71,67,54,67,52
145,Student145,65,97,71,78,75,63,86,87,52,73,79,70,93,65,94,89,74,53,62,93,58,55,66,71,67
146,Student146,54,89,96,74,99,79,56,56,74,87,89,90,80,65,72,94,57,76,80,98,50,64,77,53,60
147,Student147,50,66,58,51,61,91,95,81,78,98,66,88,76,50,86,92,92,64,52,96,66,55,63,51,80
148,Student148,56,79,95,83,79,78,97,55,96,91,58,67,67,67,81,52,91,62,80,67,97,92,77,58,99
149,Student149,92,62,77,77,57,59,59,74,69,54,60,87,66,58,96,71,60,95,60,98,96,62,70,93,71
150,Student150,91,64,87,89,80,79,90,55,52,100,52,54,61,52,51,55,69,99,77,68,67,55,79,75,59
151,Student151,95,100,96,60,80,72,58,93,74,79,77,60,90,55,53,66,85,55,85,63,55,96,86,75,72
152,Student152,67,56,77,81,76,89,93,65,79,89,63,51,57,90,69,91,86,71,55,79,79,57,55,100,84
153,Student153,88,58,57,74,64,79,69,52,74,65,79,82,70,99,69,51,93,71,64,59,92,95,56,51,82
154,Student154,74,91,69,61,74,96,63,80,70,99,66,82,82,59,83,76,89,50,92,76,87,56,79,84,96
155,Student155,50,96,59,76,81,98,85,92,57,72,70,80,54,56,62,94,100,75,75,61,93,82,69,69,62
156,Student156,56,62,63,57,56,100,55,75,88,71,75,62,64,51,76,94,78,91,92,93,79,59,61,69,84
157,Student157,82,77,73,85,73,70,87,58,79,70,71,85,68,89,97,54,55,67,90,53,61,60,66,98,88
158,Student158,52,83,60,70,91,98,61,61,99,83,89,62,92,67,69,100,57,60,73,57,89,98,97,78,73
159,Student159,78,85,95,98,59,93,55,94,52,95,69,77,70,61,98,95,51,98,99,100,91,89,70,85,87
160,Student160,90,97,61,73,89,50,84,54,68,56,60,73,69,90,92,79,78,93,70,64,65,92,86,53,88
161,Student161,71,84,68,53,55,80,85,74,94,52,72,59,83,82,78,99,65,84,85,72,89,56,60,72,97
162,Student162,88,85,85,86,64,91,90,52,77,55,58,75,62,96,71,75,69,88,72,59,92,58,82,77,89
163,Student163,80,100,70,90,78,84,100,87,68,94,57,91,76,82,60,68,93,92,90,68,88,83,65,67,82
164,Student164,82,75,92,57,69,65,69,82,63,85,54,72,59,95,77,51,66,87,93,95,55,65,88,66,58
165,Student165,58,80,54,77,76,72,54,96,79,51,67,62,51,91,65,89,65,59,73,80,76,98,52,54,59
166,Student166,64,93,68,97,63,85,94,58,91,61,57,62,98,86,66,61,81,87,54,82,88,56,96,67,61
167,Student167,92,83,89,54,95,65,91,95,57,60,83,52,52,75,60,60,78,94,90,52,100,84,81,51,69
168,Student168,67,57,63,66,62,75,97,98,67,88,81,56,50,51,52,81,90,94,78,72,80,79,76,66,95
169,Student169,74,94,54,97,51,89,77,71,62,99,54,95,93,94,72,73,50,55,95,94,92,85,88,82,62
170,Student170,56,75,53,99,83,87,83,67,99,77,95,79,75,84,61,51,56,69,100,60,66,56,79,87,58
171,Student171,54,93,81,56,65,89,56,88,95,54,56,86,58,69,88,54,83,68,88,70,87,100,62,91,82
172,Student172,75,53,61,89,91,87,98,57,99,98,80,70,56,85,65,94,93,84,64,84,67,56,88,61,100
173,Student173,87,64,72,88,67,84,51,91,61,69,97,57,87,56,100,94,98,82,81,56,85,55,62,99,94
174,Student174,96,63,90,56,76,88,100,70,50,53,75,82,66,89,67,69,67,62,64,66,90,89,72,61,52
175,Student175,83,85,54,88,96,71,87,58,60,61,86,96,85,55,57,70,85,100,74,55,53,55,69,87,89
176,Student176,95,63,75,66,93,92,65,96,61,97,84,73,70,65,61,81,59,50,51,84,90,94,58,81,95
177,Student177,65,86,99,56,52,75,65,91,68,92,95,97,74,81,86,100,82,98,78,68,91,75,55,73,75
178,Student178,59,84,63,90,81,97,60,96,68,54,73,91,90,96,73,90,73,87,65,98,59,76,93,86,53
179,Student179,53,73,52,67,64,86,94,65,95,61,75,82,88,89,72,92,96,50,50,52,74,98,90,83,75
180,Student180,83,96,75,78,91,51,90,81,86,76,77,80,96,57,52,55,78,73,62,89,100,66,70,55,79
181,Student181,74,64,65,93,92,78,67,57,57,76,87,74,62,90,84,83,55,87,65,69,55,54,94,77,67
182,Student182,90,68,72,83,81,75,72,81,81,65,84,80,82,66,58,59,93,82,54,69,88,88,74,77,73
183,Student183,50,55,87,62,84,95,93,84,56,56,63,97,73,89,99,96,53,85,82,78,52,79,90,78,76
184,Student184,75,76,75,72,61,75,70,100,86,51,79,95,63,56,71,95,64,100,59,78,95,71,69,76,80
185,Student185,92,90,68,62,82,61,63,74,74,68,75,51,82,61,88,79,84,84,65,91,51,65,87,88,92
186,Student186,78,65,83,72,56,76,79,71,91,84,67,67,62,64,82,85,84,88,69,86,88,97,74,76,90
187,Student187,62,59,68,65,93,89,65,72,72,59,93,69,61,91,52,87,98,53,82,75,68,55,75,69,81
188,Student188,89,75,100,68,79,91,69,61,90,96,89,58,73,95,92,59,51,78,71,66,80,86,96,87,65
189,Student189,68,50,97,60,73,84,69,53,74,56,82,83,88,60,80,63,63,68,79,85,72,85,54,100,73
190,Student190,76,72,77,61,74,77,96,99,55,66,95,92,59,90,50,60,58,97,76,57,60,83,82,70,66
191,Student191,50,64,63,64,60,53,83,72,81,66,57,98,76,83,97,68,100,82,50,92,92,71,54,97,68
192,Student192,98,83,62,63,82,80,71,51,99,93,56,98,91,94,82,69,71,73,84,59,65,80,51,64,58
193,Student193,84,97,87,54,66,90,80,79,69,59,86,50,93,81,65,85,90,63,98,58,70,85,52,74,78
194,Student194,86,98,96,70,51,81,85,57,78,81,71,55,59,79,51,91,69,58,99,87,67,70,82,82,96
195,Student195,75,97,96,97,64,66,68,76,83,96,84,51,60,65,88,100,95,85,90,79,82,77,53,70,67
196,Student196,96,86,88,85,71,62,83,96,67,54,50,79,57,79,96,100,88,89,83,66,57,97,84,73,58
197,Student197,77,74,51,81,98,71,71,74,54,89,56,53,98,95,79,94,64,51,51,82,54,100,53,71,73
198,Student198,69,93,69,86,91,92,59,52,82,99,76,65,50,85,63,82,76,52,81,72,83,80,51,73,73
199,Student199,89,60,87,91,63,75,90,83,71,66,74,91,58,70,76,87,97,95,78,73,77,86,76,55,53
200,Student200,84,80,57,99,81,74,97,92,63,63,59,88,95,97,83,52,67,92,60,80,77,69,59,81,64
201,Student201,79,70,85,59,53,100,70,94,53,76,95,81,89,77,61,73,92,65,100,97,81,88,83,90,60
202,Student202,58,82,98,95,93,89,92,86,50,81,50,55,54,63,99,87,92,85,59,79,62,81,76,88,69
203,Student203,100,100,58,95,80,98,73,97,100,95,60,93,63,73,51,75,81,61,99,65,93,59,82,79,97
204,Student204,73,90,95,57,85,66,89,53,70,60,64,76,75,97,73,51,50,97,68,82,59,72,98,56,94
205,Student205,70,57,90,53,71,56,76,89,93,62,89,94,78,88,86,53,96,97,97,56,57,52,50,83,65
206,Student206,80,76,94,51,100,60,95,73,90,86,89,71,73,98,96,73,62,92,66,87,64,87,78,66,86
207,Student207,58,99,67,85,62,63,67,73,78,72,51,69,54,70,75,93,52,62,50,54,86,71,95,78,69
208,Student208,67,71,72,85,98,85,77,60,92,58,70,52,82,89,78,80,58,55,79,65,96,84,91,62,93
209,Student209,65,99,81,66,52,97,91,62,79,83,74,57,86,73,59,100,62,65,84,65,71,53,82,70,75
210,Student210,98,51,70,79,88,71,78,78,77,52,66,73,65,70,99,55,79,66,63,67,55,57,82,92,99
211,Student211,57,90,53,89,92,60,78,100,57,52,50,92,66,96,71,75,68,95,100,55,79,81,69,51,69
212,Student212,52,64,89,64,87,89,53,68,52,79,60,65,69,57,56,79,70,74,74,80,80,76,97,69,74
213,Student213,78,67,59,58,65,99,76,95,55,84,86,60,81,66,80,75,71,81,72,100,79,93,72,54,53
214,Student214,81,98,84,98,63,85,78,71,54,96,95,55,57,98,86,57,79,93,50,50,73,88,59,70,69
215,Student215,61,85,79,83,65,87,99,79,86,60,60,66,80,57,53,55,58,82,83,56,75,63,98,97,97
216,Student216,76,54,55,65,67,55,69,93,83,80,60,75,50,96,73,55,59,70,86,84,83,72,58,53,88
217,Student217,51,76,73,91,50,85,86,56,85,96,72,88,60,60,86,88,57,95,58,75,76,97,65,73,90
218,Student218,61,63,61,94,73,54,88,89,90,51,77,53,81,82,89,51,84,69,66,72,89,98,94,76,75
219,Student219,53,58,91,70,59,66,87,57,71,76,59,99,52,69,98,87,83,66,75,81,62,70,88,83,50
220,Student220,81,55,65,86,68,63,75,85,96,75,62,62,52,73,89,94,66,55,95,64,90,77,96,89,54
221,Student221,91,53,68,83,91,76,63,98,97,51,68,70,69,87,96,94,90,79,63,69,100,75,73,52,55
222,Student222,58,74,92,63,65,58,87,71,77,94,56,52,94,85,79,81,53,67,82,93,100,87,81,63,78
223,Student223,52,60,86,71,85,54,94,94,53,74,90,75,87,71,85,71,92,98,97,89,62,85,79,78,97
224,Student224,97,67,82,100,91,82,89,77,65,68,96,60,86,84,96,91,86,61,52,65,85,52,61,67,64
225,Student225,72,50,86,100,61,94,75,53,61,68,92,55,61,56,84,98,84,81,76,81,84,94,77,53,80
226,Student226,88,78,53,54,63,98,78,53,68,64,67,51,60,95,74,59,81,95,74,72,53,87,99,78,52
227,Student227,94,79,60,67,64,71,95,66,58,56,70,77,52,54,80,61,95,94,70,54,53,66,98,75,92
228,Student228,82,69,97,70,91,86,77,70,64,99,57,93,94,67,84,60,97,92,84,95,78,87,85,54,92
229,Student229,94,67,52,66,93,86,87,62,65,56,73,60,97,80,52,87,92,66,62,84,69,58,88,87,65
230,Student230,97,81,99,97,57,89,91,71,80,85,61,84,76,52,71,77,85,80,89,70,100,69,97,81,94
231,Student231,76,81,54,91,59,83,72,75,94,80,86,95,50,89,77,89,93,91,69,93,73,91,69,71,73
232,Student232,53,77,70,51,62,65,80,86,79,64,94,96,55,56,67,77,85,88,84,94,99,78,53,87,65
233,Student233,50,76,51,63,87,77,70,52,76,91,67,66,98,56,77,71,78,98,64,90,54,81,60,63,86
234,Student234,80,86,82,61,75,74,61,65,92,95,55,74,79,61,100,78,57,58,81,95,90,57,67,94,63
235,Student235,59,91,52,53,85,61,74,67,78,99,67,100,90,55,96,68,82,95,55,83,84,55,60,75,81
236,Student236,92,75,83,70,74,64,68,79,54,80,67,75,94,57,91,56,55,63,80,57,57,50,82,74,86
237,Student237,81,83,63,92,92,61,91,97,97,66,78,98,58,77,69,88,82,84,100,82,98,87,56,93,64
238,Student238,69,90,78,53,70,68,71,53,85,64,98,52,93,95,75,96,69,71,69,97,97,78,65,95,87
239,Student239,82,50,86,82,51,57,68,81,53,86,64,61,91,53,87,56,90,81,89,61,85,78,79,71,93
240,Student240,66,52,85,92,68,98,81,74,64,94,84,77,90,98,64,50,73,88,59,50,57,72,68,57,77
241,Student241,87,68,81,51,69,99,78,70,69,71,94,55,96,96,52,71,53,64,56,62,96,71,65,73,72
242,Student242,83,86,75,58,50,87,57,96,58,81,96,98,92,85,96,61,55,83,62,55,87,55,98,55,55
243,Student243,93,99,67,54,60,50,80,54,53,72,53,90,64,66,88,90,88,95,53,97,66,69,58,98,60
244,Student244,59,53,62,81,54,89,78,61,77,94,50,66,76,94,92,89,67,96,80,63,59,94,67,70,59
245,Student245,91,57,99,76,89,99,97,77,80,91,99,52,51,66,86,55,97,80,74,65,65,72,55,94,51
246,Student246,95,59,75,84,72,75,52,86,73,59,52,70,74,61,99,87,66,95,86,97,51,80,98,74,55
247,Student247,60,61,70,100,59,67,87,65,79,71,76,71,68,84,63,67,60,51,53,67,84,97,57,68,53
248,Student248,55,60,73,75,73,61,87,61,75,68,55,100,96,68,91,70,59,57,78,56,77,88,100,63,77
249,Student249,64,71,74,92,74,58,76,50,50,90,79,75,98,98,86,60,61,73,62,92,65,99,53,61,72
250,Student250,79,72,63,62,62,51,96,92,71,79,71,98,82,74,63,93,59,85,51,91,99,54,50,96,59
